[
{
    "model": "webapp.poll",
    "pk": 1,
    "fields": {
        "question": "Fastest maraphone runner?",
        "created_at": "2022-02-05T06:02:41.443Z"
    }
},
{
    "model": "webapp.poll",
    "pk": 2,
    "fields": {
        "question": "Who is best footboll player?",
        "created_at": "2022-02-05T06:03:53.381Z"
    }
},
{
    "model": "webapp.poll",
    "pk": 3,
    "fields": {
        "question": "Who is most fameose person?",
        "created_at": "2022-02-05T06:04:16.036Z"
    }
},
{
    "model": "webapp.poll",
    "pk": 5,
    "fields": {
        "question": "Сколько звезд  на небе?",
        "created_at": "2022-02-05T06:54:15.695Z"
    }
},
{
    "model": "webapp.poll",
    "pk": 6,
    "fields": {
        "question": "Самая большая планета солнечной системы?",
        "created_at": "2022-02-05T06:54:54.910Z"
    }
},
{
    "model": "webapp.poll",
    "pk": 7,
    "fields": {
        "question": "Кто быстрее муха или стрекоза?",
        "created_at": "2022-02-05T07:00:42.278Z"
    }
},
{
    "model": "webapp.poll",
    "pk": 8,
    "fields": {
        "question": "Кто забил гол во вчерашнем матче?",
        "created_at": "2022-02-05T07:32:29.776Z"
    }
},
{
    "model": "webapp.poll",
    "pk": 9,
    "fields": {
        "question": "Самый быстрый программист?",
        "created_at": "2022-02-05T11:42:27.696Z"
    }
},
{
    "model": "webapp.choice",
    "pk": 1,
    "fields": {
        "answer": "Jony Todasky",
        "poll": 1
    }
},
{
    "model": "webapp.choice",
    "pk": 2,
    "fields": {
        "answer": "Usseyn Bolt",
        "poll": 1
    }
},
{
    "model": "webapp.choice",
    "pk": 3,
    "fields": {
        "answer": "Jon Linkoln",
        "poll": 1
    }
},
{
    "model": "webapp.choice",
    "pk": 6,
    "fields": {
        "answer": "dgsdfgsf",
        "poll": 8
    }
},
{
    "model": "webapp.choice",
    "pk": 7,
    "fields": {
        "answer": "dgsdg",
        "poll": 8
    }
},
{
    "model": "webapp.choice",
    "pk": 8,
    "fields": {
        "answer": "sdfgs",
        "poll": 8
    }
},
{
    "model": "webapp.choice",
    "pk": 9,
    "fields": {
        "answer": "sdgr",
        "poll": 8
    }
},
{
    "model": "webapp.choice",
    "pk": 10,
    "fields": {
        "answer": "Я",
        "poll": 9
    }
},
{
    "model": "webapp.choice",
    "pk": 11,
    "fields": {
        "answer": "Супермен",
        "poll": 9
    }
},
{
    "model": "webapp.choice",
    "pk": 12,
    "fields": {
        "answer": "Супервуман",
        "poll": 9
    }
},
{
    "model": "webapp.choice",
    "pk": 13,
    "fields": {
        "answer": "Муха",
        "poll": 7
    }
},
{
    "model": "webapp.choice",
    "pk": 14,
    "fields": {
        "answer": "Стрекоза",
        "poll": 7
    }
},
{
    "model": "webapp.answer",
    "pk": 1,
    "fields": {
        "poll": 8,
        "answer_date": "2022-02-05T11:23:14.658Z",
        "choice": 8
    }
},
{
    "model": "webapp.answer",
    "pk": 2,
    "fields": {
        "poll": 8,
        "answer_date": "2022-02-05T11:23:46.903Z",
        "choice": 7
    }
},
{
    "model": "webapp.answer",
    "pk": 3,
    "fields": {
        "poll": 8,
        "answer_date": "2022-02-05T11:24:32.769Z",
        "choice": 7
    }
},
{
    "model": "webapp.answer",
    "pk": 4,
    "fields": {
        "poll": 8,
        "answer_date": "2022-02-05T11:26:18.160Z",
        "choice": 7
    }
},
{
    "model": "webapp.answer",
    "pk": 5,
    "fields": {
        "poll": 8,
        "answer_date": "2022-02-05T11:29:46.415Z",
        "choice": 8
    }
},
{
    "model": "webapp.answer",
    "pk": 6,
    "fields": {
        "poll": 8,
        "answer_date": "2022-02-05T11:32:53.610Z",
        "choice": 7
    }
},
{
    "model": "webapp.answer",
    "pk": 7,
    "fields": {
        "poll": 8,
        "answer_date": "2022-02-05T11:40:56.667Z",
        "choice": 8
    }
},
{
    "model": "webapp.answer",
    "pk": 8,
    "fields": {
        "poll": 8,
        "answer_date": "2022-02-05T11:41:39.807Z",
        "choice": 7
    }
},
{
    "model": "webapp.answer",
    "pk": 9,
    "fields": {
        "poll": 8,
        "answer_date": "2022-02-05T11:41:55.841Z",
        "choice": 8
    }
},
{
    "model": "webapp.answer",
    "pk": 10,
    "fields": {
        "poll": 9,
        "answer_date": "2022-02-05T11:43:12.353Z",
        "choice": 11
    }
},
{
    "model": "webapp.answer",
    "pk": 11,
    "fields": {
        "poll": 9,
        "answer_date": "2022-02-05T11:43:26.241Z",
        "choice": 11
    }
},
{
    "model": "webapp.answer",
    "pk": 12,
    "fields": {
        "poll": 9,
        "answer_date": "2022-02-05T11:44:07.015Z",
        "choice": 11
    }
},
{
    "model": "webapp.answer",
    "pk": 13,
    "fields": {
        "poll": 9,
        "answer_date": "2022-02-05T11:44:40.446Z",
        "choice": 11
    }
},
{
    "model": "webapp.answer",
    "pk": 14,
    "fields": {
        "poll": 9,
        "answer_date": "2022-02-05T11:44:42.861Z",
        "choice": 11
    }
},
{
    "model": "webapp.answer",
    "pk": 15,
    "fields": {
        "poll": 9,
        "answer_date": "2022-02-05T11:44:47.148Z",
        "choice": 11
    }
},
{
    "model": "webapp.answer",
    "pk": 16,
    "fields": {
        "poll": 9,
        "answer_date": "2022-02-05T11:50:08.845Z",
        "choice": 11
    }
},
{
    "model": "webapp.answer",
    "pk": 17,
    "fields": {
        "poll": 9,
        "answer_date": "2022-02-05T11:50:34.442Z",
        "choice": 11
    }
},
{
    "model": "webapp.answer",
    "pk": 18,
    "fields": {
        "poll": 9,
        "answer_date": "2022-02-05T11:50:48.831Z",
        "choice": 11
    }
},
{
    "model": "webapp.answer",
    "pk": 19,
    "fields": {
        "poll": 9,
        "answer_date": "2022-02-05T11:51:37.426Z",
        "choice": 11
    }
},
{
    "model": "webapp.answer",
    "pk": 20,
    "fields": {
        "poll": 7,
        "answer_date": "2022-02-05T11:52:12.259Z",
        "choice": 14
    }
},
{
    "model": "webapp.answer",
    "pk": 22,
    "fields": {
        "poll": 9,
        "answer_date": "2022-02-05T12:11:22.711Z",
        "choice": 11
    }
},
{
    "model": "webapp.answer",
    "pk": 23,
    "fields": {
        "poll": 9,
        "answer_date": "2022-02-05T12:14:42.868Z",
        "choice": 11
    }
},
{
    "model": "webapp.answer",
    "pk": 24,
    "fields": {
        "poll": 9,
        "answer_date": "2022-02-05T12:29:37.023Z",
        "choice": 11
    }
},
{
    "model": "webapp.answer",
    "pk": 25,
    "fields": {
        "poll": 9,
        "answer_date": "2022-02-05T12:31:06.930Z",
        "choice": 11
    }
},
{
    "model": "webapp.answer",
    "pk": 26,
    "fields": {
        "poll": 9,
        "answer_date": "2022-02-05T12:31:11.857Z",
        "choice": 11
    }
},
{
    "model": "webapp.answer",
    "pk": 27,
    "fields": {
        "poll": 9,
        "answer_date": "2022-02-05T12:36:52.437Z",
        "choice": 10
    }
},
{
    "model": "webapp.answer",
    "pk": 28,
    "fields": {
        "poll": 9,
        "answer_date": "2022-02-05T12:45:14.563Z",
        "choice": 11
    }
},
{
    "model": "webapp.answer",
    "pk": 29,
    "fields": {
        "poll": 8,
        "answer_date": "2022-02-05T12:45:18.349Z",
        "choice": 7
    }
},
{
    "model": "webapp.answer",
    "pk": 30,
    "fields": {
        "poll": 8,
        "answer_date": "2022-02-05T12:45:22.495Z",
        "choice": 7
    }
}
]
